{"loss": [1.382669448852539, 0.4644339382648468, 0.2676984667778015, 0.18394187092781067, 0.13652917742729187, 0.10966066271066666, 0.08724652230739594, 0.07501626014709473, 0.06144392490386963, 0.057376597076654434], "accuracy": [0.5912511348724365, 0.8527491092681885, 0.9132086038589478, 0.9405363202095032, 0.9550750255584717, 0.964108407497406, 0.9711074829101562, 0.9756454825401306, 0.9794437885284424, 0.9814069271087646], "val_loss": [0.591988742351532, 0.2606216371059418, 0.26438167691230774, 0.19797462224960327, 0.1299864947795868, 0.13265734910964966, 0.16705556213855743, 0.16869567334651947, 0.10206989198923111, 0.09844692796468735], "val_accuracy": [0.8108354210853577, 0.9135556817054749, 0.9142385721206665, 0.9396767616271973, 0.9596517086029053, 0.9589118957519531, 0.9479854106903076, 0.9502048492431641, 0.9709765315055847, 0.9712041616439819]}