{"loss": [1.074688196182251, 0.37082257866859436, 0.22325660288333893, 0.14780642092227936, 0.10283473879098892, 0.07837318629026413, 0.06041286140680313, 0.05063868686556816, 0.04175532981753349, 0.03623585402965546], "accuracy": [0.6908599734306335, 0.8826090097427368, 0.92763352394104, 0.9513763189315796, 0.9659008383750916, 0.9737534523010254, 0.9798563122749329, 0.9832562804222107, 0.9859022498130798, 0.9879223108291626], "val_loss": [0.3848070204257965, 0.26750537753105164, 0.19209608435630798, 0.12830616533756256, 0.1222180426120758, 0.13075049221515656, 0.15330664813518524, 0.10873574763536453, 0.14814576506614685, 0.09692206233739853], "val_accuracy": [0.88145911693573, 0.9128727316856384, 0.9370020627975464, 0.9581151604652405, 0.9615297317504883, 0.9579444527626038, 0.9537332057952881, 0.9677327275276184, 0.9547006487846375, 0.9708627462387085]}